Protein.Names,Entry,Genes,Mass (Da),ref C  (fmol/µL),ref C(g/mL),LogC
ALBU_HUMAN,P02768,ALB,69367,623874.665,4.33E-02,5.79509735
A1AT_HUMAN,P01009,SERPINA1,46737,18179.605,8.50E-04,4.259584443
TRFE_HUMAN,P02787,TF,77050,16981.75,1.31E-03,4.229982443
APOA2_HUMAN,P02652,APOA2,11175,9317.085,1.04E-04,3.969280058
HEMO_HUMAN,P02790,HPX,51676,8902.73,4.60E-04,3.949523202
FETUA_HUMAN,P02765,AHSG,39341,3958.15,1.56E-04,3.597492248
VTDB_HUMAN,P02774,GC,52918,3478.035,1.84E-04,3.541333948
THRB_HUMAN,P00734,F2,70037,2960.97,2.07E-04,3.471434007
C4BPA_HUMAN,P04003,C4BPA,67033,1853.66,1.24E-04,3.268030078
KNG1_HUMAN,P01042,KNG1,71957,1797.13,1.29E-04,3.254579494
A1BG_HUMAN,P04217,A1BG,54254,1729.385,9.38E-05,3.237891688
CLUS_HUMAN,P10909,CLU,52495,1368.925,7.19E-05,3.136379655
ITIH2_HUMAN,P19823,ITIH2,106463,1115.095,1.19E-04,3.047311868
HEP2_HUMAN,P05546,SERPIND1,57071,883.445,5.04E-05,2.946179517
A2AP_HUMAN,P08697,SERPINF2,54566,741.505,4.05E-05,2.870114084
C1QC_HUMAN,P02747,C1QC,25774,622.7,1.60E-05,2.794278866
PLMN_HUMAN,P00747,PLG,90569,470.07,4.26E-05,2.672162535
CFAI_HUMAN,P05156,CFI,65750,332.56,2.19E-05,2.521870011
C1S_HUMAN,P09871,C1S,76684,309.29,2.37E-05,2.490365879
ZA2G_HUMAN,P25311,AZGP1,34259,296.615,1.02E-05,2.47219311
C1R_HUMAN,P00736,C1R,80119,283.515,2.27E-05,2.452576041
PROS_HUMAN,P07225,PROS1,75123,271.045,2.04E-05,2.4330414
PEDF_HUMAN,P36955,SERPINF1,46312,234.36,1.09E-05,2.369883489
C1QB_HUMAN,P02746,C1QB,26722,212.785,5.69E-06,2.32794101
CO8A_HUMAN,P07357,C8A,65163,176.17,1.15E-05,2.245931954
HABP2_HUMAN,Q14520,HABP2,62672,164.95,1.03E-05,2.21735232
CO5_HUMAN,P01031,C5,188305,163.465,3.08E-05,2.213424779
CO6_HUMAN,P13671,C6,104786,145.135,1.52E-05,2.161772157
C1QA_HUMAN,P02745,C1QA,26017,123.06,3.20E-06,2.090116911
FA10_HUMAN,P00742,F10,54732,121.79,6.67E-06,2.08561163
ATRN_HUMAN,O75882,ATRN,158537,119.06,1.89E-05,2.075765878
CBPN_HUMAN,P15169,CPN1,52286,115.29,6.03E-06,2.061791639
CO8B_HUMAN,P07358,C8B,66948,96.275,6.45E-06,1.983513527
CBPB2_HUMAN,Q96IY4,CPB2,48424,72.08,3.49E-06,1.857814778
C1RL_HUMAN,Q9NZP8,C1RL,53498,52.66,2.82E-06,1.721480855
CPN2_HUMAN,P22792,CPN2,60557,42.185,2.55E-06,1.625158053
VASN_HUMAN,Q6EMK4,VASN,71713,12.89473684,9.25E-07,1.110412483
